[
    {
        "id" : 0,
        "image": "./images/0.jpg",
        "marry": "100",
        "timer": "2017-5-28"
    },
    {
        "id" : 1,
        "image": "./images/1.jpg",
        "marry": "200",
        "timer": "2017-5-28"
    },
    {
        "id" : 2,
        "image": "./images/2.jpg",
        "marry": "400",
        "timer": "2017-5-28"
    },
    {
        "id" : 3,
        "image": "./images/3.jpg",
        "marry": "350",
        "timer": "2017-5-28"
    },
    {
        "id" : 4,
        "image": "./images/4.jpg",
        "marry": "180",
        "timer": "2017-5-28"
    },{
        "id" : 5,
        "image": "./images/0.jpg",
        "marry": "100",
        "timer": "2017-5-28"
    },
    {
        "id" : 6,
        "image": "./images/1.jpg",
        "marry": "200",
        "timer": "2017-5-28"
    },
    {
        "id" : 7,
        "image": "./images/2.jpg",
        "marry": "400",
        "timer": "2017-5-28"
    },
    {
        "id" : 8,
        "image": "./images/3.jpg",
        "marry": "350",
        "timer": "2017-5-28"
    },
    {
        "id" : 9,
        "image": "./images/4.jpg",
        "marry": "180",
        "timer": "2017-5-28"
    },

    {
        "id" : 10,
        "image": "./images/0.jpg",
        "marry": "100",
        "timer": "2017-5-28"
    }
]